[
  {
    "Key": "",
    "Dir": "."
  },
  {
    "Key": "aws_es",
    "Source": ".//modules/es",
    "Dir": "modules/es"
  },
  {
    "Key": "aws_security_group",
    "Source": ".//modules/security-group",
    "Dir": "modules/security-group"
  },
  {
    "Key": "ec2-logstash",
    "Source": ".//modules/ec2_nlb",
    "Dir": "modules/ec2_nlb"
  },
  {
    "Key": "es_security_group",
    "Source": ".//modules/security-group",
    "Dir": "modules/security-group"
  },
  {
    "Key": "logstashec2-role",
    "Source": ".//modules/iamprofile",
    "Dir": "modules/iamprofile"
  }
]